order_line_id,order_id,order_date,customer_id,customer_name,city,product_id,product_name,category,quantity,unit_price,revenue
1001-1,1001,2024-05-25,38,Jacob Nguyen,Dallas,102,Americano,coffee,1,3.25,3.25
1002-1,1002,2024-03-02,4,Liam Martinez,Dallas,106,Cold Brew,coffee,1,4.75,4.75
1003-1,1003,2024-03-12,16,Elizabeth Kim,Dallas,103,Latte,coffee,1,4.5,4.5
1004-1,1004,2024-05-27,37,Henry Lee,Austin,113,Bagel,pastry,1,2.75,2.75
1004-2,1004,2024-05-27,37,Henry Lee,Austin,102,Americano,coffee,1,3.25,3.25
1005-1,1005,2024-03-31,28,Jacob Nguyen,San Antonio,112,Blueberry Muffin,pastry,1,3.0,3.0
1006-1,1006,2024-06-15,42,Michael Davis,Austin,106,Cold Brew,coffee,2,4.75,9.5
1007-1,1007,2024-03-09,7,Evelyn Nguyen,Dallas,103,Latte,coffee,1,4.5,4.5
1008-1,1008,2024-04-28,18,Amelia Lopez,Houston,108,Earl Grey,tea,2,3.5,7.0
1008-2,1008,2024-04-28,18,Amelia Lopez,Houston,114,Cinnamon Roll,pastry,1,3.75,3.75
1008-3,1008,2024-04-28,18,Amelia Lopez,Houston,101,Espresso,coffee,1,3.0,3.0
1009-1,1009,2024-01-04,35,Ethan Johnson,Houston,114,Cinnamon Roll,pastry,1,3.75,3.75
1009-2,1009,2024-01-04,35,Ethan Johnson,Houston,107,Green Tea,tea,1,3.5,3.5
1009-3,1009,2024-01-04,35,Ethan Johnson,Houston,104,Cappuccino,coffee,2,4.25,8.5
1010-1,1010,2024-02-12,4,Liam Martinez,Dallas,105,Mocha,coffee,2,4.75,9.5
1010-2,1010,2024-02-12,4,Liam Martinez,Dallas,113,Bagel,pastry,1,2.75,2.75
1010-3,1010,2024-02-12,4,Liam Martinez,Dallas,107,Green Tea,tea,1,3.5,3.5
1011-1,1011,2024-05-22,47,Isabella Jones,Dallas,104,Cappuccino,coffee,1,4.25,4.25
1012-1,1012,2024-05-28,4,Liam Martinez,Dallas,106,Cold Brew,coffee,1,4.75,4.75
1013-1,1013,2024-05-02,38,Jacob Nguyen,Dallas,103,Latte,coffee,1,4.5,4.5
1013-2,1013,2024-05-02,38,Jacob Nguyen,Dallas,109,Chai Latte,tea,1,4.25,4.25
1014-1,1014,2024-01-18,12,Logan Chen,Austin,104,Cappuccino,coffee,1,4.25,4.25
1014-2,1014,2024-01-18,12,Logan Chen,Austin,115,Chocolate Chip Cookie,pastry,1,2.5,2.5
1015-1,1015,2024-06-01,38,Jacob Nguyen,Dallas,111,Croissant,pastry,1,3.25,3.25
1016-1,1016,2024-03-21,34,Harper Nguyen,Austin,112,Blueberry Muffin,pastry,1,3.0,3.0
1017-1,1017,2024-04-13,17,Jackson Johnson,Houston,108,Earl Grey,tea,1,3.5,3.5
1017-2,1017,2024-04-13,17,Jackson Johnson,Houston,113,Bagel,pastry,2,2.75,5.5
1018-1,1018,2024-04-27,1,Abigail Johnson,Houston,102,Americano,coffee,1,3.25,3.25
1019-1,1019,2024-05-11,14,Sofia Lopez,Dallas,115,Chocolate Chip Cookie,pastry,1,2.5,2.5
1019-2,1019,2024-05-11,14,Sofia Lopez,Dallas,104,Cappuccino,coffee,1,4.25,4.25
1019-3,1019,2024-05-11,14,Sofia Lopez,Dallas,103,Latte,coffee,1,4.5,4.5
1020-1,1020,2024-06-29,35,Ethan Johnson,Houston,113,Bagel,pastry,1,2.75,2.75
1020-2,1020,2024-06-29,35,Ethan Johnson,Houston,101,Espresso,coffee,1,3.0,3.0
1020-3,1020,2024-06-29,35,Ethan Johnson,Houston,109,Chai Latte,tea,1,4.25,4.25
1021-1,1021,2024-01-27,43,Emma Lopez,Dallas,102,Americano,coffee,2,3.25,6.5
1022-1,1022,2024-05-25,48,Emily Kim,Houston,104,Cappuccino,coffee,1,4.25,4.25
1023-1,1023,2024-06-24,14,Sofia Lopez,Dallas,108,Earl Grey,tea,1,3.5,3.5
1024-1,1024,2024-01-24,4,Liam Martinez,Dallas,101,Espresso,coffee,1,3.0,3.0
1024-2,1024,2024-01-24,4,Liam Martinez,Dallas,113,Bagel,pastry,1,2.75,2.75
1025-1,1025,2024-02-11,17,Jackson Johnson,Houston,107,Green Tea,tea,1,3.5,3.5
1026-1,1026,2024-01-20,8,Emily Jones,Houston,103,Latte,coffee,1,4.5,4.5
1026-2,1026,2024-01-20,8,Emily Jones,Houston,114,Cinnamon Roll,pastry,1,3.75,3.75
1027-1,1027,2024-02-07,36,Elizabeth Davis,Houston,106,Cold Brew,coffee,2,4.75,9.5
1028-1,1028,2024-04-06,3,Ethan Patel,San Antonio,102,Americano,coffee,1,3.25,3.25
1029-1,1029,2024-04-14,36,Elizabeth Davis,Houston,115,Chocolate Chip Cookie,pastry,2,2.5,5.0
1029-2,1029,2024-04-14,36,Elizabeth Davis,Houston,114,Cinnamon Roll,pastry,1,3.75,3.75
1030-1,1030,2024-04-20,12,Logan Chen,Austin,106,Cold Brew,coffee,1,4.75,4.75
1030-2,1030,2024-04-20,12,Logan Chen,Austin,107,Green Tea,tea,2,3.5,7.0
1031-1,1031,2024-03-09,48,Emily Kim,Houston,102,Americano,coffee,1,3.25,3.25
1031-2,1031,2024-03-09,48,Emily Kim,Houston,101,Espresso,coffee,2,3.0,6.0
1032-1,1032,2024-02-21,15,Emily Patel,Dallas,105,Mocha,coffee,2,4.75,9.5
1033-1,1033,2024-03-02,15,Emily Patel,Dallas,106,Cold Brew,coffee,1,4.75,4.75
1034-1,1034,2024-03-12,5,James Martinez,Dallas,111,Croissant,pastry,3,3.25,9.75
1035-1,1035,2024-03-25,35,Ethan Johnson,Houston,105,Mocha,coffee,1,4.75,4.75
1036-1,1036,2024-01-13,17,Jackson Johnson,Houston,112,Blueberry Muffin,pastry,1,3.0,3.0
1037-1,1037,2024-06-04,28,Jacob Nguyen,San Antonio,115,Chocolate Chip Cookie,pastry,1,2.5,2.5
1038-1,1038,2024-01-12,17,Jackson Johnson,Houston,115,Chocolate Chip Cookie,pastry,2,2.5,5.0
1039-1,1039,2024-06-22,44,Liam Wilson,Austin,111,Croissant,pastry,2,3.25,6.5
1040-1,1040,2024-03-21,40,Sofia Garcia,Houston,115,Chocolate Chip Cookie,pastry,1,2.5,2.5
1041-1,1041,2024-06-19,20,Emily Patel,Dallas,105,Mocha,coffee,1,4.75,4.75
1042-1,1042,2024-04-17,13,Aiden Smith,Houston,112,Blueberry Muffin,pastry,2,3.0,6.0
1043-1,1043,2024-05-25,40,Sofia Garcia,Houston,101,Espresso,coffee,1,3.0,3.0
1044-1,1044,2024-04-20,14,Sofia Lopez,Dallas,106,Cold Brew,coffee,1,4.75,4.75
1044-2,1044,2024-04-20,14,Sofia Lopez,Dallas,108,Earl Grey,tea,1,3.5,3.5
1045-1,1045,2024-05-01,33,Charlotte Smith,San Antonio,112,Blueberry Muffin,pastry,1,3.0,3.0
1045-2,1045,2024-05-01,33,Charlotte Smith,San Antonio,102,Americano,coffee,1,3.25,3.25
1045-3,1045,2024-05-01,33,Charlotte Smith,San Antonio,111,Croissant,pastry,1,3.25,3.25
1046-1,1046,2024-01-24,22,Charlotte Nguyen,Dallas,111,Croissant,pastry,1,3.25,3.25
1046-2,1046,2024-01-24,22,Charlotte Nguyen,Dallas,113,Bagel,pastry,1,2.75,2.75
1047-1,1047,2024-01-13,2,James Wilson,Austin,114,Cinnamon Roll,pastry,1,3.75,3.75
1048-1,1048,2024-04-16,30,Olivia Rivera,Austin,112,Blueberry Muffin,pastry,1,3.0,3.0
1049-1,1049,2024-04-13,32,Logan Jones,Austin,101,Espresso,coffee,2,3.0,6.0
1049-2,1049,2024-04-13,32,Logan Jones,Austin,114,Cinnamon Roll,pastry,1,3.75,3.75
1050-1,1050,2024-04-20,7,Evelyn Nguyen,Dallas,112,Blueberry Muffin,pastry,1,3.0,3.0
1050-2,1050,2024-04-20,7,Evelyn Nguyen,Dallas,101,Espresso,coffee,1,3.0,3.0
1051-1,1051,2024-04-27,8,Emily Jones,Houston,109,Chai Latte,tea,3,4.25,12.75
1052-1,1052,2024-03-22,39,Harper Johnson,Houston,110,Matcha Latte,tea,2,4.95,9.9
1052-2,1052,2024-03-22,39,Harper Johnson,Houston,115,Chocolate Chip Cookie,pastry,1,2.5,2.5
1053-1,1053,2024-04-24,36,Elizabeth Davis,Houston,108,Earl Grey,tea,1,3.5,3.5
1053-2,1053,2024-04-24,36,Elizabeth Davis,Houston,113,Bagel,pastry,1,2.75,2.75
1054-1,1054,2024-03-11,41,Elizabeth Lee,Austin,111,Croissant,pastry,1,3.25,3.25
1055-1,1055,2024-01-20,29,Ella Smith,Dallas,106,Cold Brew,coffee,1,4.75,4.75
1056-1,1056,2024-01-21,35,Ethan Johnson,Houston,112,Blueberry Muffin,pastry,1,3.0,3.0
1057-1,1057,2024-01-17,14,Sofia Lopez,Dallas,108,Earl Grey,tea,1,3.5,3.5
1058-1,1058,2024-04-17,14,Sofia Lopez,Dallas,112,Blueberry Muffin,pastry,1,3.0,3.0
1058-2,1058,2024-04-17,14,Sofia Lopez,Dallas,115,Chocolate Chip Cookie,pastry,1,2.5,2.5
1059-1,1059,2024-05-04,25,Isabella Patel,Houston,113,Bagel,pastry,1,2.75,2.75
1060-1,1060,2024-05-17,27,Olivia Nguyen,Dallas,110,Matcha Latte,tea,2,4.95,9.9
1061-1,1061,2024-03-02,32,Logan Jones,Austin,107,Green Tea,tea,1,3.5,3.5
1062-1,1062,2024-04-13,44,Liam Wilson,Austin,115,Chocolate Chip Cookie,pastry,1,2.5,2.5
1062-2,1062,2024-04-13,44,Liam Wilson,Austin,110,Matcha Latte,tea,1,4.95,4.95
1063-1,1063,2024-05-31,26,Sophia Rivera,San Antonio,111,Croissant,pastry,1,3.25,3.25
1064-1,1064,2024-02-17,30,Olivia Rivera,Austin,104,Cappuccino,coffee,1,4.25,4.25
1065-1,1065,2024-04-07,22,Charlotte Nguyen,Dallas,107,Green Tea,tea,1,3.5,3.5
1065-2,1065,2024-04-07,22,Charlotte Nguyen,Dallas,102,Americano,coffee,1,3.25,3.25
1065-3,1065,2024-04-07,22,Charlotte Nguyen,Dallas,112,Blueberry Muffin,pastry,1,3.0,3.0
1066-1,1066,2024-02-27,23,Ethan Davis,Dallas,111,Croissant,pastry,1,3.25,3.25
1066-2,1066,2024-02-27,23,Ethan Davis,Dallas,101,Espresso,coffee,2,3.0,6.0
1067-1,1067,2024-01-06,13,Aiden Smith,Houston,108,Earl Grey,tea,1,3.5,3.5
1068-1,1068,2024-02-25,37,Henry Lee,Austin,106,Cold Brew,coffee,1,4.75,4.75
1069-1,1069,2024-01-30,39,Harper Johnson,Houston,105,Mocha,coffee,1,4.75,4.75
1070-1,1070,2024-03-20,2,James Wilson,Austin,107,Green Tea,tea,1,3.5,3.5
1070-2,1070,2024-03-20,2,James Wilson,Austin,112,Blueberry Muffin,pastry,1,3.0,3.0
1070-3,1070,2024-03-20,2,James Wilson,Austin,110,Matcha Latte,tea,1,4.95,4.95
1071-1,1071,2024-03-03,41,Elizabeth Lee,Austin,114,Cinnamon Roll,pastry,1,3.75,3.75
1071-2,1071,2024-03-03,41,Elizabeth Lee,Austin,113,Bagel,pastry,1,2.75,2.75
1072-1,1072,2024-01-11,37,Henry Lee,Austin,106,Cold Brew,coffee,1,4.75,4.75
1073-1,1073,2024-03-30,42,Michael Davis,Austin,108,Earl Grey,tea,1,3.5,3.5
1074-1,1074,2024-06-11,24,Sofia Chen,San Antonio,103,Latte,coffee,1,4.5,4.5
1075-1,1075,2024-05-13,47,Isabella Jones,Dallas,113,Bagel,pastry,2,2.75,5.5
1076-1,1076,2024-05-03,50,James Patel,Austin,110,Matcha Latte,tea,1,4.95,4.95
1076-2,1076,2024-05-03,50,James Patel,Austin,114,Cinnamon Roll,pastry,1,3.75,3.75
1077-1,1077,2024-03-12,6,Emily Jones,San Antonio,108,Earl Grey,tea,1,3.5,3.5
1078-1,1078,2024-04-07,43,Emma Lopez,Dallas,106,Cold Brew,coffee,1,4.75,4.75
1079-1,1079,2024-03-31,14,Sofia Lopez,Dallas,115,Chocolate Chip Cookie,pastry,1,2.5,2.5
1080-1,1080,2024-05-25,18,Amelia Lopez,Houston,102,Americano,coffee,1,3.25,3.25
1080-2,1080,2024-05-25,18,Amelia Lopez,Houston,107,Green Tea,tea,1,3.5,3.5
1080-3,1080,2024-05-25,18,Amelia Lopez,Houston,113,Bagel,pastry,1,2.75,2.75
1081-1,1081,2024-06-14,31,Jackson Johnson,Dallas,101,Espresso,coffee,1,3.0,3.0
1082-1,1082,2024-04-13,15,Emily Patel,Dallas,110,Matcha Latte,tea,1,4.95,4.95
1083-1,1083,2024-05-15,36,Elizabeth Davis,Houston,109,Chai Latte,tea,1,4.25,4.25
1083-2,1083,2024-05-15,36,Elizabeth Davis,Houston,112,Blueberry Muffin,pastry,1,3.0,3.0
1083-3,1083,2024-05-15,36,Elizabeth Davis,Houston,105,Mocha,coffee,1,4.75,4.75
1084-1,1084,2024-02-19,8,Emily Jones,Houston,113,Bagel,pastry,1,2.75,2.75
1084-2,1084,2024-02-19,8,Emily Jones,Houston,104,Cappuccino,coffee,1,4.25,4.25
1085-1,1085,2024-03-11,31,Jackson Johnson,Dallas,109,Chai Latte,tea,1,4.25,4.25
1085-2,1085,2024-03-11,31,Jackson Johnson,Dallas,102,Americano,coffee,2,3.25,6.5
1085-3,1085,2024-03-11,31,Jackson Johnson,Dallas,105,Mocha,coffee,1,4.75,4.75
1086-1,1086,2024-03-23,12,Logan Chen,Austin,105,Mocha,coffee,1,4.75,4.75
1087-1,1087,2024-05-25,4,Liam Martinez,Dallas,111,Croissant,pastry,2,3.25,6.5
1087-2,1087,2024-05-25,4,Liam Martinez,Dallas,108,Earl Grey,tea,1,3.5,3.5
1087-3,1087,2024-05-25,4,Liam Martinez,Dallas,101,Espresso,coffee,1,3.0,3.0
1088-1,1088,2024-05-02,31,Jackson Johnson,Dallas,101,Espresso,coffee,1,3.0,3.0
1089-1,1089,2024-01-30,31,Jackson Johnson,Dallas,102,Americano,coffee,1,3.25,3.25
1090-1,1090,2024-01-14,44,Liam Wilson,Austin,105,Mocha,coffee,1,4.75,4.75
1090-2,1090,2024-01-14,44,Liam Wilson,Austin,104,Cappuccino,coffee,1,4.25,4.25
1091-1,1091,2024-04-16,49,Amelia Williams,Dallas,104,Cappuccino,coffee,1,4.25,4.25
1091-2,1091,2024-04-16,49,Amelia Williams,Dallas,107,Green Tea,tea,1,3.5,3.5
1092-1,1092,2024-03-17,29,Ella Smith,Dallas,105,Mocha,coffee,1,4.75,4.75
1092-2,1092,2024-03-17,29,Ella Smith,Dallas,101,Espresso,coffee,1,3.0,3.0
1092-3,1092,2024-03-17,29,Ella Smith,Dallas,112,Blueberry Muffin,pastry,1,3.0,3.0
1093-1,1093,2024-02-23,49,Amelia Williams,Dallas,102,Americano,coffee,1,3.25,3.25
1094-1,1094,2024-05-25,12,Logan Chen,Austin,108,Earl Grey,tea,1,3.5,3.5
1095-1,1095,2024-03-16,31,Jackson Johnson,Dallas,105,Mocha,coffee,1,4.75,4.75
1096-1,1096,2024-01-19,30,Olivia Rivera,Austin,113,Bagel,pastry,1,2.75,2.75
1096-2,1096,2024-01-19,30,Olivia Rivera,Austin,110,Matcha Latte,tea,1,4.95,4.95
1096-3,1096,2024-01-19,30,Olivia Rivera,Austin,115,Chocolate Chip Cookie,pastry,1,2.5,2.5
1097-1,1097,2024-05-19,8,Emily Jones,Houston,105,Mocha,coffee,2,4.75,9.5
1098-1,1098,2024-01-20,5,James Martinez,Dallas,112,Blueberry Muffin,pastry,2,3.0,6.0
1099-1,1099,2024-04-27,19,Lucas Garcia,Houston,112,Blueberry Muffin,pastry,1,3.0,3.0
1099-2,1099,2024-04-27,19,Lucas Garcia,Houston,105,Mocha,coffee,1,4.75,4.75
1100-1,1100,2024-04-27,32,Logan Jones,Austin,107,Green Tea,tea,1,3.5,3.5
1101-1,1101,2024-03-09,39,Harper Johnson,Houston,111,Croissant,pastry,2,3.25,6.5
1102-1,1102,2024-05-30,37,Henry Lee,Austin,111,Croissant,pastry,2,3.25,6.5
1102-2,1102,2024-05-30,37,Henry Lee,Austin,110,Matcha Latte,tea,1,4.95,4.95
1102-3,1102,2024-05-30,37,Henry Lee,Austin,113,Bagel,pastry,1,2.75,2.75
1103-1,1103,2024-06-15,34,Harper Nguyen,Austin,110,Matcha Latte,tea,1,4.95,4.95
1104-1,1104,2024-01-24,32,Logan Jones,Austin,106,Cold Brew,coffee,1,4.75,4.75
1105-1,1105,2024-03-25,11,Jackson Lopez,Houston,111,Croissant,pastry,2,3.25,6.5
1106-1,1106,2024-05-25,49,Amelia Williams,Dallas,105,Mocha,coffee,1,4.75,4.75
1107-1,1107,2024-04-13,50,James Patel,Austin,101,Espresso,coffee,1,3.0,3.0
1107-2,1107,2024-04-13,50,James Patel,Austin,109,Chai Latte,tea,1,4.25,4.25
1108-1,1108,2024-02-18,4,Liam Martinez,Dallas,108,Earl Grey,tea,1,3.5,3.5
1108-2,1108,2024-02-18,4,Liam Martinez,Dallas,113,Bagel,pastry,1,2.75,2.75
1109-1,1109,2024-05-25,18,Amelia Lopez,Houston,115,Chocolate Chip Cookie,pastry,1,2.5,2.5
1110-1,1110,2024-01-08,8,Emily Jones,Houston,104,Cappuccino,coffee,1,4.25,4.25
1110-2,1110,2024-01-08,8,Emily Jones,Houston,105,Mocha,coffee,1,4.75,4.75
1111-1,1111,2024-04-14,36,Elizabeth Davis,Houston,115,Chocolate Chip Cookie,pastry,1,2.5,2.5
1111-2,1111,2024-04-14,36,Elizabeth Davis,Houston,102,Americano,coffee,1,3.25,3.25
1111-3,1111,2024-04-14,36,Elizabeth Davis,Houston,103,Latte,coffee,1,4.5,4.5
1112-1,1112,2024-03-15,46,Olivia Rivera,Dallas,114,Cinnamon Roll,pastry,1,3.75,3.75
1113-1,1113,2024-03-03,31,Jackson Johnson,Dallas,104,Cappuccino,coffee,2,4.25,8.5
1114-1,1114,2024-02-04,33,Charlotte Smith,San Antonio,113,Bagel,pastry,2,2.75,5.5
1115-1,1115,2024-05-11,22,Charlotte Nguyen,Dallas,112,Blueberry Muffin,pastry,1,3.0,3.0
1116-1,1116,2024-05-28,38,Jacob Nguyen,Dallas,103,Latte,coffee,1,4.5,4.5
1117-1,1117,2024-03-29,31,Jackson Johnson,Dallas,107,Green Tea,tea,1,3.5,3.5
1117-2,1117,2024-03-29,31,Jackson Johnson,Dallas,106,Cold Brew,coffee,2,4.75,9.5
1118-1,1118,2024-03-02,45,Noah Rivera,Dallas,113,Bagel,pastry,1,2.75,2.75
1119-1,1119,2024-05-01,21,Daniel Wilson,San Antonio,107,Green Tea,tea,3,3.5,10.5
1119-2,1119,2024-05-01,21,Daniel Wilson,San Antonio,113,Bagel,pastry,2,2.75,5.5
1120-1,1120,2024-05-06,10,Noah Smith,Houston,110,Matcha Latte,tea,1,4.95,4.95
1121-1,1121,2024-04-27,7,Evelyn Nguyen,Dallas,101,Espresso,coffee,1,3.0,3.0
1121-2,1121,2024-04-27,7,Evelyn Nguyen,Dallas,107,Green Tea,tea,2,3.5,7.0
1121-3,1121,2024-04-27,7,Evelyn Nguyen,Dallas,103,Latte,coffee,1,4.5,4.5
1122-1,1122,2024-03-27,17,Jackson Johnson,Houston,102,Americano,coffee,2,3.25,6.5
1123-1,1123,2024-05-16,44,Liam Wilson,Austin,112,Blueberry Muffin,pastry,2,3.0,6.0
1124-1,1124,2024-05-18,32,Logan Jones,Austin,111,Croissant,pastry,1,3.25,3.25
1125-1,1125,2024-02-28,19,Lucas Garcia,Houston,102,Americano,coffee,1,3.25,3.25
1126-1,1126,2024-01-26,46,Olivia Rivera,Dallas,115,Chocolate Chip Cookie,pastry,1,2.5,2.5
1126-2,1126,2024-01-26,46,Olivia Rivera,Dallas,106,Cold Brew,coffee,1,4.75,4.75
1127-1,1127,2024-04-01,19,Lucas Garcia,Houston,109,Chai Latte,tea,1,4.25,4.25
1128-1,1128,2024-02-17,44,Liam Wilson,Austin,114,Cinnamon Roll,pastry,1,3.75,3.75
1129-1,1129,2024-03-02,44,Liam Wilson,Austin,104,Cappuccino,coffee,1,4.25,4.25
1130-1,1130,2024-04-27,17,Jackson Johnson,Houston,113,Bagel,pastry,1,2.75,2.75
1131-1,1131,2024-06-22,19,Lucas Garcia,Houston,106,Cold Brew,coffee,3,4.75,14.25
1132-1,1132,2024-06-12,20,Emily Patel,Dallas,108,Earl Grey,tea,2,3.5,7.0
1132-2,1132,2024-06-12,20,Emily Patel,Dallas,104,Cappuccino,coffee,3,4.25,12.75
1133-1,1133,2024-01-28,31,Jackson Johnson,Dallas,110,Matcha Latte,tea,1,4.95,4.95
1134-1,1134,2024-03-16,45,Noah Rivera,Dallas,107,Green Tea,tea,1,3.5,3.5
1134-2,1134,2024-03-16,45,Noah Rivera,Dallas,110,Matcha Latte,tea,2,4.95,9.9
1135-1,1135,2024-01-13,50,James Patel,Austin,114,Cinnamon Roll,pastry,2,3.75,7.5
1135-2,1135,2024-01-13,50,James Patel,Austin,105,Mocha,coffee,1,4.75,4.75
1136-1,1136,2024-06-04,15,Emily Patel,Dallas,104,Cappuccino,coffee,1,4.25,4.25
1137-1,1137,2024-06-17,44,Liam Wilson,Austin,102,Americano,coffee,2,3.25,6.5
1138-1,1138,2024-01-11,42,Michael Davis,Austin,110,Matcha Latte,tea,1,4.95,4.95
1139-1,1139,2024-01-24,9,Olivia Garcia,Austin,107,Green Tea,tea,1,3.5,3.5
1140-1,1140,2024-05-18,9,Olivia Garcia,Austin,109,Chai Latte,tea,2,4.25,8.5
1141-1,1141,2024-03-06,11,Jackson Lopez,Houston,113,Bagel,pastry,1,2.75,2.75
1141-2,1141,2024-03-06,11,Jackson Lopez,Houston,114,Cinnamon Roll,pastry,1,3.75,3.75
1141-3,1141,2024-03-06,11,Jackson Lopez,Houston,102,Americano,coffee,1,3.25,3.25
1142-1,1142,2024-02-06,5,James Martinez,Dallas,111,Croissant,pastry,1,3.25,3.25
1143-1,1143,2024-05-22,26,Sophia Rivera,San Antonio,101,Espresso,coffee,1,3.0,3.0
1143-2,1143,2024-05-22,26,Sophia Rivera,San Antonio,102,Americano,coffee,1,3.25,3.25
1144-1,1144,2024-06-22,44,Liam Wilson,Austin,111,Croissant,pastry,2,3.25,6.5
1145-1,1145,2024-06-22,7,Evelyn Nguyen,Dallas,115,Chocolate Chip Cookie,pastry,2,2.5,5.0
1146-1,1146,2024-06-08,21,Daniel Wilson,San Antonio,114,Cinnamon Roll,pastry,1,3.75,3.75
1147-1,1147,2024-03-18,45,Noah Rivera,Dallas,101,Espresso,coffee,2,3.0,6.0
1148-1,1148,2024-05-11,20,Emily Patel,Dallas,109,Chai Latte,tea,1,4.25,4.25
1149-1,1149,2024-04-04,30,Olivia Rivera,Austin,109,Chai Latte,tea,1,4.25,4.25
1149-2,1149,2024-04-04,30,Olivia Rivera,Austin,112,Blueberry Muffin,pastry,1,3.0,3.0
1150-1,1150,2024-06-16,27,Olivia Nguyen,Dallas,107,Green Tea,tea,2,3.5,7.0
1151-1,1151,2024-01-09,18,Amelia Lopez,Houston,108,Earl Grey,tea,3,3.5,10.5
1152-1,1152,2024-01-26,24,Sofia Chen,San Antonio,115,Chocolate Chip Cookie,pastry,3,2.5,7.5
1153-1,1153,2024-01-16,23,Ethan Davis,Dallas,102,Americano,coffee,2,3.25,6.5
1154-1,1154,2024-01-24,30,Olivia Rivera,Austin,110,Matcha Latte,tea,3,4.95,14.85
1154-2,1154,2024-01-24,30,Olivia Rivera,Austin,101,Espresso,coffee,1,3.0,3.0
1155-1,1155,2024-02-02,16,Elizabeth Kim,Dallas,114,Cinnamon Roll,pastry,1,3.75,3.75
1156-1,1156,2024-06-01,14,Sofia Lopez,Dallas,106,Cold Brew,coffee,1,4.75,4.75
1156-2,1156,2024-06-01,14,Sofia Lopez,Dallas,113,Bagel,pastry,2,2.75,5.5
1157-1,1157,2024-03-11,1,Abigail Johnson,Houston,103,Latte,coffee,1,4.5,4.5
1158-1,1158,2024-01-29,12,Logan Chen,Austin,101,Espresso,coffee,1,3.0,3.0
1159-1,1159,2024-05-30,16,Elizabeth Kim,Dallas,101,Espresso,coffee,1,3.0,3.0
1160-1,1160,2024-05-18,27,Olivia Nguyen,Dallas,108,Earl Grey,tea,1,3.5,3.5
1161-1,1161,2024-06-01,33,Charlotte Smith,San Antonio,110,Matcha Latte,tea,1,4.95,4.95
1162-1,1162,2024-05-13,43,Emma Lopez,Dallas,101,Espresso,coffee,1,3.0,3.0
1162-2,1162,2024-05-13,43,Emma Lopez,Dallas,108,Earl Grey,tea,2,3.5,7.0
1163-1,1163,2024-06-29,28,Jacob Nguyen,San Antonio,108,Earl Grey,tea,1,3.5,3.5
1163-2,1163,2024-06-29,28,Jacob Nguyen,San Antonio,102,Americano,coffee,1,3.25,3.25
1164-1,1164,2024-01-20,10,Noah Smith,Houston,110,Matcha Latte,tea,1,4.95,4.95
1164-2,1164,2024-01-20,10,Noah Smith,Houston,106,Cold Brew,coffee,1,4.75,4.75
1165-1,1165,2024-05-18,39,Harper Johnson,Houston,107,Green Tea,tea,1,3.5,3.5
1166-1,1166,2024-01-30,45,Noah Rivera,Dallas,113,Bagel,pastry,1,2.75,2.75
1166-2,1166,2024-01-30,45,Noah Rivera,Dallas,114,Cinnamon Roll,pastry,1,3.75,3.75
1167-1,1167,2024-02-28,29,Ella Smith,Dallas,107,Green Tea,tea,1,3.5,3.5
1167-2,1167,2024-02-28,29,Ella Smith,Dallas,102,Americano,coffee,1,3.25,3.25
1168-1,1168,2024-06-22,21,Daniel Wilson,San Antonio,111,Croissant,pastry,2,3.25,6.5
1168-2,1168,2024-06-22,21,Daniel Wilson,San Antonio,102,Americano,coffee,1,3.25,3.25
1168-3,1168,2024-06-22,21,Daniel Wilson,San Antonio,102,Americano,coffee,1,3.25,3.25
1169-1,1169,2024-04-05,7,Evelyn Nguyen,Dallas,110,Matcha Latte,tea,3,4.95,14.85
1170-1,1170,2024-03-25,36,Elizabeth Davis,Houston,114,Cinnamon Roll,pastry,1,3.75,3.75
1171-1,1171,2024-04-18,49,Amelia Williams,Dallas,105,Mocha,coffee,1,4.75,4.75
1171-2,1171,2024-04-18,49,Amelia Williams,Dallas,106,Cold Brew,coffee,1,4.75,4.75
1172-1,1172,2024-02-24,33,Charlotte Smith,San Antonio,114,Cinnamon Roll,pastry,1,3.75,3.75
1173-1,1173,2024-04-06,36,Elizabeth Davis,Houston,104,Cappuccino,coffee,2,4.25,8.5
1174-1,1174,2024-06-08,36,Elizabeth Davis,Houston,101,Espresso,coffee,1,3.0,3.0
1174-2,1174,2024-06-08,36,Elizabeth Davis,Houston,111,Croissant,pastry,2,3.25,6.5
1175-1,1175,2024-01-13,18,Amelia Lopez,Houston,105,Mocha,coffee,2,4.75,9.5
1175-2,1175,2024-01-13,18,Amelia Lopez,Houston,106,Cold Brew,coffee,1,4.75,4.75
1176-1,1176,2024-05-24,10,Noah Smith,Houston,112,Blueberry Muffin,pastry,1,3.0,3.0
1177-1,1177,2024-01-24,2,James Wilson,Austin,107,Green Tea,tea,1,3.5,3.5
1178-1,1178,2024-04-04,11,Jackson Lopez,Houston,110,Matcha Latte,tea,1,4.95,4.95
1179-1,1179,2024-02-10,4,Liam Martinez,Dallas,111,Croissant,pastry,1,3.25,3.25
1179-2,1179,2024-02-10,4,Liam Martinez,Dallas,108,Earl Grey,tea,1,3.5,3.5
1180-1,1180,2024-06-04,32,Logan Jones,Austin,113,Bagel,pastry,1,2.75,2.75
1181-1,1181,2024-04-20,23,Ethan Davis,Dallas,110,Matcha Latte,tea,1,4.95,4.95
1181-2,1181,2024-04-20,23,Ethan Davis,Dallas,111,Croissant,pastry,1,3.25,3.25
1182-1,1182,2024-04-11,15,Emily Patel,Dallas,104,Cappuccino,coffee,1,4.25,4.25
1183-1,1183,2024-02-05,14,Sofia Lopez,Dallas,102,Americano,coffee,1,3.25,3.25
1184-1,1184,2024-04-20,48,Emily Kim,Houston,112,Blueberry Muffin,pastry,1,3.0,3.0
1185-1,1185,2024-06-20,36,Elizabeth Davis,Houston,114,Cinnamon Roll,pastry,1,3.75,3.75
1186-1,1186,2024-01-05,28,Jacob Nguyen,San Antonio,106,Cold Brew,coffee,1,4.75,4.75
1187-1,1187,2024-04-13,37,Henry Lee,Austin,102,Americano,coffee,1,3.25,3.25
1188-1,1188,2024-02-13,21,Daniel Wilson,San Antonio,114,Cinnamon Roll,pastry,1,3.75,3.75
1188-2,1188,2024-02-13,21,Daniel Wilson,San Antonio,106,Cold Brew,coffee,1,4.75,4.75
1189-1,1189,2024-03-03,7,Evelyn Nguyen,Dallas,102,Americano,coffee,1,3.25,3.25
1190-1,1190,2024-03-30,20,Emily Patel,Dallas,102,Americano,coffee,1,3.25,3.25
1190-2,1190,2024-03-30,20,Emily Patel,Dallas,102,Americano,coffee,1,3.25,3.25
1191-1,1191,2024-03-30,13,Aiden Smith,Houston,111,Croissant,pastry,2,3.25,6.5
1191-2,1191,2024-03-30,13,Aiden Smith,Houston,104,Cappuccino,coffee,1,4.25,4.25
1191-3,1191,2024-03-30,13,Aiden Smith,Houston,105,Mocha,coffee,1,4.75,4.75
1192-1,1192,2024-02-09,39,Harper Johnson,Houston,103,Latte,coffee,3,4.5,13.5
1192-2,1192,2024-02-09,39,Harper Johnson,Houston,111,Croissant,pastry,1,3.25,3.25
1193-1,1193,2024-05-24,49,Amelia Williams,Dallas,115,Chocolate Chip Cookie,pastry,2,2.5,5.0
1194-1,1194,2024-06-11,42,Michael Davis,Austin,111,Croissant,pastry,1,3.25,3.25
1195-1,1195,2024-01-18,29,Ella Smith,Dallas,113,Bagel,pastry,1,2.75,2.75
1195-2,1195,2024-01-18,29,Ella Smith,Dallas,101,Espresso,coffee,1,3.0,3.0
1196-1,1196,2024-03-20,5,James Martinez,Dallas,106,Cold Brew,coffee,2,4.75,9.5
1197-1,1197,2024-06-14,5,James Martinez,Dallas,110,Matcha Latte,tea,1,4.95,4.95
1197-2,1197,2024-06-14,5,James Martinez,Dallas,107,Green Tea,tea,1,3.5,3.5
1198-1,1198,2024-01-11,36,Elizabeth Davis,Houston,111,Croissant,pastry,1,3.25,3.25
1198-2,1198,2024-01-11,36,Elizabeth Davis,Houston,110,Matcha Latte,tea,1,4.95,4.95
1199-1,1199,2024-01-16,10,Noah Smith,Houston,114,Cinnamon Roll,pastry,1,3.75,3.75
1199-2,1199,2024-01-16,10,Noah Smith,Houston,112,Blueberry Muffin,pastry,1,3.0,3.0
1200-1,1200,2024-02-17,42,Michael Davis,Austin,108,Earl Grey,tea,1,3.5,3.5
1200-2,1200,2024-02-17,42,Michael Davis,Austin,110,Matcha Latte,tea,1,4.95,4.95
1201-1,1201,2024-03-13,24,Sofia Chen,San Antonio,111,Croissant,pastry,1,3.25,3.25
1201-2,1201,2024-03-13,24,Sofia Chen,San Antonio,113,Bagel,pastry,1,2.75,2.75
1202-1,1202,2024-01-17,22,Charlotte Nguyen,Dallas,107,Green Tea,tea,1,3.5,3.5
1203-1,1203,2024-06-17,47,Isabella Jones,Dallas,103,Latte,coffee,1,4.5,4.5
1203-2,1203,2024-06-17,47,Isabella Jones,Dallas,110,Matcha Latte,tea,1,4.95,4.95
1204-1,1204,2024-03-20,23,Ethan Davis,Dallas,107,Green Tea,tea,1,3.5,3.5
1204-2,1204,2024-03-20,23,Ethan Davis,Dallas,112,Blueberry Muffin,pastry,2,3.0,6.0
1205-1,1205,2024-05-23,20,Emily Patel,Dallas,114,Cinnamon Roll,pastry,1,3.75,3.75
1205-2,1205,2024-05-23,20,Emily Patel,Dallas,112,Blueberry Muffin,pastry,2,3.0,6.0
1206-1,1206,2024-06-24,48,Emily Kim,Houston,111,Croissant,pastry,1,3.25,3.25
1207-1,1207,2024-01-05,24,Sofia Chen,San Antonio,104,Cappuccino,coffee,1,4.25,4.25
1208-1,1208,2024-05-04,50,James Patel,Austin,103,Latte,coffee,1,4.5,4.5
1208-2,1208,2024-05-04,50,James Patel,Austin,114,Cinnamon Roll,pastry,1,3.75,3.75
1208-3,1208,2024-05-04,50,James Patel,Austin,109,Chai Latte,tea,1,4.25,4.25
1209-1,1209,2024-05-18,48,Emily Kim,Houston,113,Bagel,pastry,1,2.75,2.75
1210-1,1210,2024-04-06,39,Harper Johnson,Houston,112,Blueberry Muffin,pastry,1,3.0,3.0
1211-1,1211,2024-04-27,11,Jackson Lopez,Houston,112,Blueberry Muffin,pastry,1,3.0,3.0
1212-1,1212,2024-06-08,29,Ella Smith,Dallas,108,Earl Grey,tea,1,3.5,3.5
1212-2,1212,2024-06-08,29,Ella Smith,Dallas,104,Cappuccino,coffee,1,4.25,4.25
1213-1,1213,2024-02-19,31,Jackson Johnson,Dallas,108,Earl Grey,tea,1,3.5,3.5
1213-2,1213,2024-02-19,31,Jackson Johnson,Dallas,105,Mocha,coffee,1,4.75,4.75
1213-3,1213,2024-02-19,31,Jackson Johnson,Dallas,109,Chai Latte,tea,1,4.25,4.25
1214-1,1214,2024-02-21,11,Jackson Lopez,Houston,105,Mocha,coffee,1,4.75,4.75
1215-1,1215,2024-04-05,31,Jackson Johnson,Dallas,114,Cinnamon Roll,pastry,1,3.75,3.75
1216-1,1216,2024-03-16,8,Emily Jones,Houston,108,Earl Grey,tea,2,3.5,7.0
1217-1,1217,2024-04-21,10,Noah Smith,Houston,114,Cinnamon Roll,pastry,1,3.75,3.75
1217-2,1217,2024-04-21,10,Noah Smith,Houston,106,Cold Brew,coffee,2,4.75,9.5
1217-3,1217,2024-04-21,10,Noah Smith,Houston,107,Green Tea,tea,1,3.5,3.5
1218-1,1218,2024-04-06,33,Charlotte Smith,San Antonio,106,Cold Brew,coffee,1,4.75,4.75
1218-2,1218,2024-04-06,33,Charlotte Smith,San Antonio,106,Cold Brew,coffee,2,4.75,9.5
1218-3,1218,2024-04-06,33,Charlotte Smith,San Antonio,114,Cinnamon Roll,pastry,1,3.75,3.75
1219-1,1219,2024-02-10,22,Charlotte Nguyen,Dallas,114,Cinnamon Roll,pastry,1,3.75,3.75
1220-1,1220,2024-06-29,9,Olivia Garcia,Austin,115,Chocolate Chip Cookie,pastry,1,2.5,2.5
1220-2,1220,2024-06-29,9,Olivia Garcia,Austin,105,Mocha,coffee,1,4.75,4.75
1221-1,1221,2024-05-20,10,Noah Smith,Houston,107,Green Tea,tea,1,3.5,3.5
1221-2,1221,2024-05-20,10,Noah Smith,Houston,105,Mocha,coffee,1,4.75,4.75
1222-1,1222,2024-01-13,8,Emily Jones,Houston,110,Matcha Latte,tea,1,4.95,4.95
1222-2,1222,2024-01-13,8,Emily Jones,Houston,102,Americano,coffee,2,3.25,6.5
1223-1,1223,2024-06-01,32,Logan Jones,Austin,110,Matcha Latte,tea,1,4.95,4.95
1223-2,1223,2024-06-01,32,Logan Jones,Austin,103,Latte,coffee,1,4.5,4.5
1224-1,1224,2024-06-06,1,Abigail Johnson,Houston,103,Latte,coffee,1,4.5,4.5
1225-1,1225,2024-05-14,6,Emily Jones,San Antonio,109,Chai Latte,tea,1,4.25,4.25
1226-1,1226,2024-05-25,33,Charlotte Smith,San Antonio,101,Espresso,coffee,1,3.0,3.0
1226-2,1226,2024-05-25,33,Charlotte Smith,San Antonio,106,Cold Brew,coffee,1,4.75,4.75
1227-1,1227,2024-04-01,2,James Wilson,Austin,112,Blueberry Muffin,pastry,1,3.0,3.0
1228-1,1228,2024-05-28,7,Evelyn Nguyen,Dallas,101,Espresso,coffee,1,3.0,3.0
1229-1,1229,2024-06-15,22,Charlotte Nguyen,Dallas,108,Earl Grey,tea,3,3.5,10.5
1229-2,1229,2024-06-15,22,Charlotte Nguyen,Dallas,108,Earl Grey,tea,1,3.5,3.5
1230-1,1230,2024-01-17,9,Olivia Garcia,Austin,101,Espresso,coffee,1,3.0,3.0
1230-2,1230,2024-01-17,9,Olivia Garcia,Austin,101,Espresso,coffee,1,3.0,3.0
1230-3,1230,2024-01-17,9,Olivia Garcia,Austin,115,Chocolate Chip Cookie,pastry,1,2.5,2.5
1231-1,1231,2024-05-11,20,Emily Patel,Dallas,108,Earl Grey,tea,1,3.5,3.5
1231-2,1231,2024-05-11,20,Emily Patel,Dallas,113,Bagel,pastry,1,2.75,2.75
1232-1,1232,2024-04-01,19,Lucas Garcia,Houston,111,Croissant,pastry,1,3.25,3.25
1233-1,1233,2024-04-04,8,Emily Jones,Houston,108,Earl Grey,tea,2,3.5,7.0
1234-1,1234,2024-03-27,25,Isabella Patel,Houston,108,Earl Grey,tea,1,3.5,3.5
1235-1,1235,2024-03-09,34,Harper Nguyen,Austin,102,Americano,coffee,1,3.25,3.25
1235-2,1235,2024-03-09,34,Harper Nguyen,Austin,114,Cinnamon Roll,pastry,1,3.75,3.75
1236-1,1236,2024-03-23,19,Lucas Garcia,Houston,105,Mocha,coffee,1,4.75,4.75
1237-1,1237,2024-04-20,39,Harper Johnson,Houston,108,Earl Grey,tea,1,3.5,3.5
1238-1,1238,2024-06-06,23,Ethan Davis,Dallas,113,Bagel,pastry,2,2.75,5.5
1239-1,1239,2024-06-20,5,James Martinez,Dallas,113,Bagel,pastry,1,2.75,2.75
1240-1,1240,2024-01-13,11,Jackson Lopez,Houston,113,Bagel,pastry,1,2.75,2.75
1240-2,1240,2024-01-13,11,Jackson Lopez,Houston,103,Latte,coffee,1,4.5,4.5
1241-1,1241,2024-06-14,50,James Patel,Austin,110,Matcha Latte,tea,1,4.95,4.95
1242-1,1242,2024-06-22,10,Noah Smith,Houston,108,Earl Grey,tea,1,3.5,3.5
1243-1,1243,2024-02-05,37,Henry Lee,Austin,111,Croissant,pastry,1,3.25,3.25
1244-1,1244,2024-01-07,8,Emily Jones,Houston,107,Green Tea,tea,2,3.5,7.0
1245-1,1245,2024-03-08,8,Emily Jones,Houston,104,Cappuccino,coffee,3,4.25,12.75
1245-2,1245,2024-03-08,8,Emily Jones,Houston,105,Mocha,coffee,1,4.75,4.75
1246-1,1246,2024-02-24,32,Logan Jones,Austin,108,Earl Grey,tea,1,3.5,3.5
1246-2,1246,2024-02-24,32,Logan Jones,Austin,112,Blueberry Muffin,pastry,1,3.0,3.0
1247-1,1247,2024-06-23,6,Emily Jones,San Antonio,111,Croissant,pastry,1,3.25,3.25
1247-2,1247,2024-06-23,6,Emily Jones,San Antonio,102,Americano,coffee,1,3.25,3.25
1247-3,1247,2024-06-23,6,Emily Jones,San Antonio,105,Mocha,coffee,2,4.75,9.5
1248-1,1248,2024-06-30,11,Jackson Lopez,Houston,113,Bagel,pastry,1,2.75,2.75
1248-2,1248,2024-06-30,11,Jackson Lopez,Houston,104,Cappuccino,coffee,1,4.25,4.25
1249-1,1249,2024-02-10,13,Aiden Smith,Houston,106,Cold Brew,coffee,1,4.75,4.75
1250-1,1250,2024-04-29,24,Sofia Chen,San Antonio,110,Matcha Latte,tea,2,4.95,9.9
1251-1,1251,2024-03-20,5,James Martinez,Dallas,108,Earl Grey,tea,1,3.5,3.5
1251-2,1251,2024-03-20,5,James Martinez,Dallas,113,Bagel,pastry,1,2.75,2.75
1252-1,1252,2024-01-20,37,Henry Lee,Austin,102,Americano,coffee,1,3.25,3.25
1253-1,1253,2024-05-12,44,Liam Wilson,Austin,113,Bagel,pastry,1,2.75,2.75
1253-2,1253,2024-05-12,44,Liam Wilson,Austin,110,Matcha Latte,tea,1,4.95,4.95
1254-1,1254,2024-04-20,9,Olivia Garcia,Austin,114,Cinnamon Roll,pastry,1,3.75,3.75
1254-2,1254,2024-04-20,9,Olivia Garcia,Austin,103,Latte,coffee,1,4.5,4.5
1255-1,1255,2024-03-23,11,Jackson Lopez,Houston,109,Chai Latte,tea,2,4.25,8.5
1256-1,1256,2024-03-09,6,Emily Jones,San Antonio,105,Mocha,coffee,1,4.75,4.75
1256-2,1256,2024-03-09,6,Emily Jones,San Antonio,105,Mocha,coffee,1,4.75,4.75
1256-3,1256,2024-03-09,6,Emily Jones,San Antonio,102,Americano,coffee,1,3.25,3.25
1257-1,1257,2024-05-31,11,Jackson Lopez,Houston,111,Croissant,pastry,1,3.25,3.25
1258-1,1258,2024-03-27,39,Harper Johnson,Houston,114,Cinnamon Roll,pastry,2,3.75,7.5
1259-1,1259,2024-01-12,6,Emily Jones,San Antonio,105,Mocha,coffee,1,4.75,4.75
1259-2,1259,2024-01-12,6,Emily Jones,San Antonio,113,Bagel,pastry,1,2.75,2.75
1260-1,1260,2024-06-15,40,Sofia Garcia,Houston,109,Chai Latte,tea,1,4.25,4.25
1260-2,1260,2024-06-15,40,Sofia Garcia,Houston,105,Mocha,coffee,1,4.75,4.75
1261-1,1261,2024-04-13,44,Liam Wilson,Austin,101,Espresso,coffee,1,3.0,3.0
1262-1,1262,2024-05-03,27,Olivia Nguyen,Dallas,103,Latte,coffee,1,4.5,4.5
1263-1,1263,2024-03-22,46,Olivia Rivera,Dallas,107,Green Tea,tea,1,3.5,3.5
1263-2,1263,2024-03-22,46,Olivia Rivera,Dallas,106,Cold Brew,coffee,1,4.75,4.75
1264-1,1264,2024-03-23,7,Evelyn Nguyen,Dallas,108,Earl Grey,tea,1,3.5,3.5
1265-1,1265,2024-01-13,7,Evelyn Nguyen,Dallas,110,Matcha Latte,tea,1,4.95,4.95
1266-1,1266,2024-03-24,11,Jackson Lopez,Houston,104,Cappuccino,coffee,1,4.25,4.25
1266-2,1266,2024-03-24,11,Jackson Lopez,Houston,108,Earl Grey,tea,3,3.5,10.5
1267-1,1267,2024-05-07,30,Olivia Rivera,Austin,102,Americano,coffee,2,3.25,6.5
1268-1,1268,2024-04-27,33,Charlotte Smith,San Antonio,106,Cold Brew,coffee,1,4.75,4.75
1269-1,1269,2024-05-06,19,Lucas Garcia,Houston,111,Croissant,pastry,1,3.25,3.25
1269-2,1269,2024-05-06,19,Lucas Garcia,Houston,109,Chai Latte,tea,1,4.25,4.25
1270-1,1270,2024-04-20,7,Evelyn Nguyen,Dallas,106,Cold Brew,coffee,1,4.75,4.75
1271-1,1271,2024-01-12,24,Sofia Chen,San Antonio,104,Cappuccino,coffee,1,4.25,4.25
1272-1,1272,2024-01-19,19,Lucas Garcia,Houston,109,Chai Latte,tea,1,4.25,4.25
1273-1,1273,2024-06-23,40,Sofia Garcia,Houston,102,Americano,coffee,1,3.25,3.25
1274-1,1274,2024-05-22,22,Charlotte Nguyen,Dallas,104,Cappuccino,coffee,1,4.25,4.25
1274-2,1274,2024-05-22,22,Charlotte Nguyen,Dallas,107,Green Tea,tea,1,3.5,3.5
1275-1,1275,2024-01-13,3,Ethan Patel,San Antonio,108,Earl Grey,tea,1,3.5,3.5
1276-1,1276,2024-06-04,10,Noah Smith,Houston,115,Chocolate Chip Cookie,pastry,1,2.5,2.5
1277-1,1277,2024-04-10,11,Jackson Lopez,Houston,105,Mocha,coffee,1,4.75,4.75
1277-2,1277,2024-04-10,11,Jackson Lopez,Houston,109,Chai Latte,tea,2,4.25,8.5
1278-1,1278,2024-05-05,35,Ethan Johnson,Houston,114,Cinnamon Roll,pastry,1,3.75,3.75
1279-1,1279,2024-06-22,22,Charlotte Nguyen,Dallas,105,Mocha,coffee,1,4.75,4.75
1280-1,1280,2024-06-25,47,Isabella Jones,Dallas,105,Mocha,coffee,3,4.75,14.25
1281-1,1281,2024-05-28,50,James Patel,Austin,110,Matcha Latte,tea,1,4.95,4.95
1281-2,1281,2024-05-28,50,James Patel,Austin,109,Chai Latte,tea,1,4.25,4.25
1282-1,1282,2024-04-07,40,Sofia Garcia,Houston,101,Espresso,coffee,1,3.0,3.0
1282-2,1282,2024-04-07,40,Sofia Garcia,Houston,112,Blueberry Muffin,pastry,1,3.0,3.0
1283-1,1283,2024-04-22,2,James Wilson,Austin,112,Blueberry Muffin,pastry,1,3.0,3.0
1284-1,1284,2024-06-05,33,Charlotte Smith,San Antonio,112,Blueberry Muffin,pastry,1,3.0,3.0
1284-2,1284,2024-06-05,33,Charlotte Smith,San Antonio,112,Blueberry Muffin,pastry,1,3.0,3.0
1285-1,1285,2024-05-23,14,Sofia Lopez,Dallas,109,Chai Latte,tea,1,4.25,4.25
1285-2,1285,2024-05-23,14,Sofia Lopez,Dallas,103,Latte,coffee,1,4.5,4.5
1286-1,1286,2024-03-28,35,Ethan Johnson,Houston,114,Cinnamon Roll,pastry,1,3.75,3.75
1286-2,1286,2024-03-28,35,Ethan Johnson,Houston,111,Croissant,pastry,2,3.25,6.5
1287-1,1287,2024-06-05,17,Jackson Johnson,Houston,105,Mocha,coffee,1,4.75,4.75
1287-2,1287,2024-06-05,17,Jackson Johnson,Houston,104,Cappuccino,coffee,2,4.25,8.5
1287-3,1287,2024-06-05,17,Jackson Johnson,Houston,105,Mocha,coffee,1,4.75,4.75
1288-1,1288,2024-02-23,46,Olivia Rivera,Dallas,108,Earl Grey,tea,1,3.5,3.5
1289-1,1289,2024-03-16,47,Isabella Jones,Dallas,109,Chai Latte,tea,1,4.25,4.25
1290-1,1290,2024-03-29,26,Sophia Rivera,San Antonio,105,Mocha,coffee,1,4.75,4.75
1290-2,1290,2024-03-29,26,Sophia Rivera,San Antonio,112,Blueberry Muffin,pastry,1,3.0,3.0
1291-1,1291,2024-06-16,29,Ella Smith,Dallas,104,Cappuccino,coffee,2,4.25,8.5
1292-1,1292,2024-05-23,18,Amelia Lopez,Houston,110,Matcha Latte,tea,1,4.95,4.95
1293-1,1293,2024-03-03,16,Elizabeth Kim,Dallas,104,Cappuccino,coffee,1,4.25,4.25
1293-2,1293,2024-03-03,16,Elizabeth Kim,Dallas,101,Espresso,coffee,1,3.0,3.0
1293-3,1293,2024-03-03,16,Elizabeth Kim,Dallas,106,Cold Brew,coffee,1,4.75,4.75
1294-1,1294,2024-06-23,7,Evelyn Nguyen,Dallas,109,Chai Latte,tea,3,4.25,12.75
1295-1,1295,2024-04-14,11,Jackson Lopez,Houston,108,Earl Grey,tea,1,3.5,3.5
1295-2,1295,2024-04-14,11,Jackson Lopez,Houston,104,Cappuccino,coffee,1,4.25,4.25
1296-1,1296,2024-03-23,19,Lucas Garcia,Houston,113,Bagel,pastry,1,2.75,2.75
1297-1,1297,2024-02-29,37,Henry Lee,Austin,115,Chocolate Chip Cookie,pastry,1,2.5,2.5
1297-2,1297,2024-02-29,37,Henry Lee,Austin,115,Chocolate Chip Cookie,pastry,1,2.5,2.5
1298-1,1298,2024-01-10,12,Logan Chen,Austin,108,Earl Grey,tea,1,3.5,3.5
1299-1,1299,2024-03-15,48,Emily Kim,Houston,110,Matcha Latte,tea,1,4.95,4.95
1300-1,1300,2024-03-13,22,Charlotte Nguyen,Dallas,109,Chai Latte,tea,1,4.25,4.25
1300-2,1300,2024-03-13,22,Charlotte Nguyen,Dallas,103,Latte,coffee,2,4.5,9.0
1301-1,1301,2024-03-10,30,Olivia Rivera,Austin,103,Latte,coffee,1,4.5,4.5
1302-1,1302,2024-03-06,42,Michael Davis,Austin,106,Cold Brew,coffee,1,4.75,4.75
1303-1,1303,2024-06-21,37,Henry Lee,Austin,114,Cinnamon Roll,pastry,1,3.75,3.75
1304-1,1304,2024-04-19,26,Sophia Rivera,San Antonio,111,Croissant,pastry,1,3.25,3.25
1305-1,1305,2024-05-02,9,Olivia Garcia,Austin,105,Mocha,coffee,1,4.75,4.75
1306-1,1306,2024-03-09,29,Ella Smith,Dallas,112,Blueberry Muffin,pastry,1,3.0,3.0
1307-1,1307,2024-06-16,17,Jackson Johnson,Houston,111,Croissant,pastry,1,3.25,3.25
1308-1,1308,2024-02-10,20,Emily Patel,Dallas,115,Chocolate Chip Cookie,pastry,2,2.5,5.0
1309-1,1309,2024-03-20,50,James Patel,Austin,105,Mocha,coffee,1,4.75,4.75
1309-2,1309,2024-03-20,50,James Patel,Austin,104,Cappuccino,coffee,1,4.25,4.25
1310-1,1310,2024-05-04,9,Olivia Garcia,Austin,110,Matcha Latte,tea,1,4.95,4.95
1310-2,1310,2024-05-04,9,Olivia Garcia,Austin,112,Blueberry Muffin,pastry,1,3.0,3.0
1311-1,1311,2024-05-17,31,Jackson Johnson,Dallas,113,Bagel,pastry,1,2.75,2.75
1311-2,1311,2024-05-17,31,Jackson Johnson,Dallas,113,Bagel,pastry,1,2.75,2.75
1312-1,1312,2024-05-14,6,Emily Jones,San Antonio,102,Americano,coffee,2,3.25,6.5
1312-2,1312,2024-05-14,6,Emily Jones,San Antonio,102,Americano,coffee,1,3.25,3.25
1313-1,1313,2024-05-11,36,Elizabeth Davis,Houston,103,Latte,coffee,1,4.5,4.5
1314-1,1314,2024-04-27,34,Harper Nguyen,Austin,110,Matcha Latte,tea,1,4.95,4.95
1315-1,1315,2024-04-24,33,Charlotte Smith,San Antonio,109,Chai Latte,tea,1,4.25,4.25
1316-1,1316,2024-01-15,37,Henry Lee,Austin,105,Mocha,coffee,1,4.75,4.75
1316-2,1316,2024-01-15,37,Henry Lee,Austin,107,Green Tea,tea,1,3.5,3.5
1317-1,1317,2024-02-25,1,Abigail Johnson,Houston,106,Cold Brew,coffee,1,4.75,4.75
1318-1,1318,2024-01-16,35,Ethan Johnson,Houston,115,Chocolate Chip Cookie,pastry,1,2.5,2.5
1319-1,1319,2024-04-14,19,Lucas Garcia,Houston,111,Croissant,pastry,3,3.25,9.75
1320-1,1320,2024-04-17,42,Michael Davis,Austin,108,Earl Grey,tea,2,3.5,7.0
1320-2,1320,2024-04-17,42,Michael Davis,Austin,115,Chocolate Chip Cookie,pastry,1,2.5,2.5
1321-1,1321,2024-06-23,6,Emily Jones,San Antonio,103,Latte,coffee,1,4.5,4.5
1321-2,1321,2024-06-23,6,Emily Jones,San Antonio,106,Cold Brew,coffee,1,4.75,4.75
1322-1,1322,2024-04-10,35,Ethan Johnson,Houston,104,Cappuccino,coffee,2,4.25,8.5
1322-2,1322,2024-04-10,35,Ethan Johnson,Houston,113,Bagel,pastry,1,2.75,2.75
1323-1,1323,2024-04-28,20,Emily Patel,Dallas,109,Chai Latte,tea,1,4.25,4.25
1324-1,1324,2024-03-04,15,Emily Patel,Dallas,104,Cappuccino,coffee,2,4.25,8.5
1325-1,1325,2024-02-03,47,Isabella Jones,Dallas,110,Matcha Latte,tea,1,4.95,4.95
1325-2,1325,2024-02-03,47,Isabella Jones,Dallas,115,Chocolate Chip Cookie,pastry,2,2.5,5.0
1326-1,1326,2024-02-24,16,Elizabeth Kim,Dallas,108,Earl Grey,tea,1,3.5,3.5
1327-1,1327,2024-01-13,46,Olivia Rivera,Dallas,108,Earl Grey,tea,1,3.5,3.5
1328-1,1328,2024-01-20,14,Sofia Lopez,Dallas,104,Cappuccino,coffee,2,4.25,8.5
1328-2,1328,2024-01-20,14,Sofia Lopez,Dallas,112,Blueberry Muffin,pastry,1,3.0,3.0
1328-3,1328,2024-01-20,14,Sofia Lopez,Dallas,110,Matcha Latte,tea,1,4.95,4.95
1329-1,1329,2024-03-23,44,Liam Wilson,Austin,111,Croissant,pastry,1,3.25,3.25
1329-2,1329,2024-03-23,44,Liam Wilson,Austin,107,Green Tea,tea,1,3.5,3.5
1330-1,1330,2024-05-22,4,Liam Martinez,Dallas,115,Chocolate Chip Cookie,pastry,1,2.5,2.5
1330-2,1330,2024-05-22,4,Liam Martinez,Dallas,111,Croissant,pastry,1,3.25,3.25
1331-1,1331,2024-01-13,32,Logan Jones,Austin,111,Croissant,pastry,1,3.25,3.25
1331-2,1331,2024-01-13,32,Logan Jones,Austin,109,Chai Latte,tea,1,4.25,4.25
1331-3,1331,2024-01-13,32,Logan Jones,Austin,107,Green Tea,tea,1,3.5,3.5
1332-1,1332,2024-04-06,20,Emily Patel,Dallas,104,Cappuccino,coffee,2,4.25,8.5
1333-1,1333,2024-06-30,20,Emily Patel,Dallas,101,Espresso,coffee,1,3.0,3.0
1334-1,1334,2024-05-22,27,Olivia Nguyen,Dallas,105,Mocha,coffee,1,4.75,4.75
1335-1,1335,2024-01-21,42,Michael Davis,Austin,102,Americano,coffee,1,3.25,3.25
1335-2,1335,2024-01-21,42,Michael Davis,Austin,114,Cinnamon Roll,pastry,1,3.75,3.75
1336-1,1336,2024-04-06,18,Amelia Lopez,Houston,114,Cinnamon Roll,pastry,1,3.75,3.75
1336-2,1336,2024-04-06,18,Amelia Lopez,Houston,113,Bagel,pastry,1,2.75,2.75
1337-1,1337,2024-06-20,47,Isabella Jones,Dallas,114,Cinnamon Roll,pastry,2,3.75,7.5
1338-1,1338,2024-01-06,20,Emily Patel,Dallas,112,Blueberry Muffin,pastry,1,3.0,3.0
1339-1,1339,2024-05-02,49,Amelia Williams,Dallas,112,Blueberry Muffin,pastry,1,3.0,3.0
1339-2,1339,2024-05-02,49,Amelia Williams,Dallas,115,Chocolate Chip Cookie,pastry,1,2.5,2.5
1340-1,1340,2024-03-13,21,Daniel Wilson,San Antonio,106,Cold Brew,coffee,1,4.75,4.75
1341-1,1341,2024-05-11,24,Sofia Chen,San Antonio,113,Bagel,pastry,3,2.75,8.25
1342-1,1342,2024-03-22,31,Jackson Johnson,Dallas,107,Green Tea,tea,1,3.5,3.5
1343-1,1343,2024-02-10,15,Emily Patel,Dallas,110,Matcha Latte,tea,1,4.95,4.95
1344-1,1344,2024-03-16,27,Olivia Nguyen,Dallas,107,Green Tea,tea,1,3.5,3.5
1345-1,1345,2024-05-07,16,Elizabeth Kim,Dallas,106,Cold Brew,coffee,1,4.75,4.75
1345-2,1345,2024-05-07,16,Elizabeth Kim,Dallas,114,Cinnamon Roll,pastry,1,3.75,3.75
1345-3,1345,2024-05-07,16,Elizabeth Kim,Dallas,112,Blueberry Muffin,pastry,1,3.0,3.0
1346-1,1346,2024-04-27,32,Logan Jones,Austin,103,Latte,coffee,1,4.5,4.5
1346-2,1346,2024-04-27,32,Logan Jones,Austin,109,Chai Latte,tea,1,4.25,4.25
1347-1,1347,2024-06-13,35,Ethan Johnson,Houston,114,Cinnamon Roll,pastry,2,3.75,7.5
1348-1,1348,2024-01-13,43,Emma Lopez,Dallas,114,Cinnamon Roll,pastry,1,3.75,3.75
1349-1,1349,2024-06-30,5,James Martinez,Dallas,108,Earl Grey,tea,1,3.5,3.5
1350-1,1350,2024-06-12,40,Sofia Garcia,Houston,108,Earl Grey,tea,1,3.5,3.5
1350-2,1350,2024-06-12,40,Sofia Garcia,Houston,101,Espresso,coffee,1,3.0,3.0
1351-1,1351,2024-04-20,36,Elizabeth Davis,Houston,105,Mocha,coffee,1,4.75,4.75
1352-1,1352,2024-01-05,19,Lucas Garcia,Houston,107,Green Tea,tea,2,3.5,7.0
1352-2,1352,2024-01-05,19,Lucas Garcia,Houston,115,Chocolate Chip Cookie,pastry,1,2.5,2.5
1353-1,1353,2024-05-18,7,Evelyn Nguyen,Dallas,109,Chai Latte,tea,1,4.25,4.25
1354-1,1354,2024-03-09,23,Ethan Davis,Dallas,107,Green Tea,tea,1,3.5,3.5
1355-1,1355,2024-06-29,16,Elizabeth Kim,Dallas,114,Cinnamon Roll,pastry,1,3.75,3.75
1355-2,1355,2024-06-29,16,Elizabeth Kim,Dallas,114,Cinnamon Roll,pastry,1,3.75,3.75
1356-1,1356,2024-01-24,3,Ethan Patel,San Antonio,108,Earl Grey,tea,1,3.5,3.5
1357-1,1357,2024-06-29,1,Abigail Johnson,Houston,107,Green Tea,tea,1,3.5,3.5
1358-1,1358,2024-05-24,22,Charlotte Nguyen,Dallas,115,Chocolate Chip Cookie,pastry,1,2.5,2.5
1358-2,1358,2024-05-24,22,Charlotte Nguyen,Dallas,101,Espresso,coffee,1,3.0,3.0
1358-3,1358,2024-05-24,22,Charlotte Nguyen,Dallas,115,Chocolate Chip Cookie,pastry,2,2.5,5.0
1359-1,1359,2024-05-04,37,Henry Lee,Austin,111,Croissant,pastry,2,3.25,6.5
1359-2,1359,2024-05-04,37,Henry Lee,Austin,115,Chocolate Chip Cookie,pastry,1,2.5,2.5
1359-3,1359,2024-05-04,37,Henry Lee,Austin,111,Croissant,pastry,1,3.25,3.25
1360-1,1360,2024-01-05,21,Daniel Wilson,San Antonio,113,Bagel,pastry,2,2.75,5.5
1361-1,1361,2024-01-20,26,Sophia Rivera,San Antonio,110,Matcha Latte,tea,2,4.95,9.9
1362-1,1362,2024-06-22,25,Isabella Patel,Houston,113,Bagel,pastry,1,2.75,2.75
1363-1,1363,2024-01-21,45,Noah Rivera,Dallas,101,Espresso,coffee,1,3.0,3.0
1363-2,1363,2024-01-21,45,Noah Rivera,Dallas,104,Cappuccino,coffee,2,4.25,8.5
1363-3,1363,2024-01-21,45,Noah Rivera,Dallas,106,Cold Brew,coffee,1,4.75,4.75
1364-1,1364,2024-06-01,40,Sofia Garcia,Houston,101,Espresso,coffee,1,3.0,3.0
1364-2,1364,2024-06-01,40,Sofia Garcia,Houston,113,Bagel,pastry,3,2.75,8.25
1365-1,1365,2024-02-28,32,Logan Jones,Austin,107,Green Tea,tea,1,3.5,3.5
1365-2,1365,2024-02-28,32,Logan Jones,Austin,110,Matcha Latte,tea,1,4.95,4.95
1365-3,1365,2024-02-28,32,Logan Jones,Austin,102,Americano,coffee,1,3.25,3.25
1366-1,1366,2024-03-04,19,Lucas Garcia,Houston,103,Latte,coffee,1,4.5,4.5
1367-1,1367,2024-02-09,41,Elizabeth Lee,Austin,102,Americano,coffee,1,3.25,3.25
1368-1,1368,2024-04-23,20,Emily Patel,Dallas,103,Latte,coffee,1,4.5,4.5
1369-1,1369,2024-04-24,28,Jacob Nguyen,San Antonio,102,Americano,coffee,1,3.25,3.25
1370-1,1370,2024-05-25,23,Ethan Davis,Dallas,106,Cold Brew,coffee,2,4.75,9.5
1371-1,1371,2024-03-15,1,Abigail Johnson,Houston,112,Blueberry Muffin,pastry,2,3.0,6.0
1371-2,1371,2024-03-15,1,Abigail Johnson,Houston,115,Chocolate Chip Cookie,pastry,3,2.5,7.5
1372-1,1372,2024-05-26,16,Elizabeth Kim,Dallas,103,Latte,coffee,1,4.5,4.5
1372-2,1372,2024-05-26,16,Elizabeth Kim,Dallas,105,Mocha,coffee,1,4.75,4.75
1373-1,1373,2024-01-20,10,Noah Smith,Houston,105,Mocha,coffee,1,4.75,4.75
1374-1,1374,2024-04-06,5,James Martinez,Dallas,111,Croissant,pastry,1,3.25,3.25
1375-1,1375,2024-02-20,40,Sofia Garcia,Houston,101,Espresso,coffee,2,3.0,6.0
1376-1,1376,2024-06-07,22,Charlotte Nguyen,Dallas,108,Earl Grey,tea,1,3.5,3.5
1376-2,1376,2024-06-07,22,Charlotte Nguyen,Dallas,114,Cinnamon Roll,pastry,2,3.75,7.5
1377-1,1377,2024-06-01,42,Michael Davis,Austin,112,Blueberry Muffin,pastry,1,3.0,3.0
1378-1,1378,2024-02-15,21,Daniel Wilson,San Antonio,105,Mocha,coffee,1,4.75,4.75
1378-2,1378,2024-02-15,21,Daniel Wilson,San Antonio,111,Croissant,pastry,1,3.25,3.25
1378-3,1378,2024-02-15,21,Daniel Wilson,San Antonio,110,Matcha Latte,tea,1,4.95,4.95
1379-1,1379,2024-04-06,21,Daniel Wilson,San Antonio,106,Cold Brew,coffee,1,4.75,4.75
1379-2,1379,2024-04-06,21,Daniel Wilson,San Antonio,110,Matcha Latte,tea,1,4.95,4.95
1380-1,1380,2024-02-16,35,Ethan Johnson,Houston,112,Blueberry Muffin,pastry,1,3.0,3.0
1381-1,1381,2024-02-23,46,Olivia Rivera,Dallas,112,Blueberry Muffin,pastry,1,3.0,3.0
1382-1,1382,2024-06-21,27,Olivia Nguyen,Dallas,104,Cappuccino,coffee,1,4.25,4.25
1382-2,1382,2024-06-21,27,Olivia Nguyen,Dallas,103,Latte,coffee,1,4.5,4.5
1383-1,1383,2024-01-19,25,Isabella Patel,Houston,110,Matcha Latte,tea,1,4.95,4.95
1384-1,1384,2024-06-26,33,Charlotte Smith,San Antonio,106,Cold Brew,coffee,1,4.75,4.75
1385-1,1385,2024-06-01,35,Ethan Johnson,Houston,113,Bagel,pastry,1,2.75,2.75
1386-1,1386,2024-03-31,43,Emma Lopez,Dallas,110,Matcha Latte,tea,3,4.95,14.85
1386-2,1386,2024-03-31,43,Emma Lopez,Dallas,111,Croissant,pastry,1,3.25,3.25
1387-1,1387,2024-03-25,49,Amelia Williams,Dallas,101,Espresso,coffee,1,3.0,3.0
1388-1,1388,2024-05-10,15,Emily Patel,Dallas,112,Blueberry Muffin,pastry,1,3.0,3.0
1389-1,1389,2024-04-05,29,Ella Smith,Dallas,110,Matcha Latte,tea,1,4.95,4.95
1389-2,1389,2024-04-05,29,Ella Smith,Dallas,103,Latte,coffee,1,4.5,4.5
1390-1,1390,2024-05-04,2,James Wilson,Austin,102,Americano,coffee,1,3.25,3.25
1391-1,1391,2024-02-06,47,Isabella Jones,Dallas,113,Bagel,pastry,1,2.75,2.75
1392-1,1392,2024-03-30,31,Jackson Johnson,Dallas,112,Blueberry Muffin,pastry,1,3.0,3.0
1393-1,1393,2024-03-17,5,James Martinez,Dallas,101,Espresso,coffee,2,3.0,6.0
1393-2,1393,2024-03-17,5,James Martinez,Dallas,111,Croissant,pastry,1,3.25,3.25
1394-1,1394,2024-03-03,11,Jackson Lopez,Houston,106,Cold Brew,coffee,1,4.75,4.75
1395-1,1395,2024-02-29,30,Olivia Rivera,Austin,103,Latte,coffee,1,4.5,4.5
1395-2,1395,2024-02-29,30,Olivia Rivera,Austin,107,Green Tea,tea,1,3.5,3.5
1396-1,1396,2024-06-06,48,Emily Kim,Houston,107,Green Tea,tea,1,3.5,3.5
1397-1,1397,2024-02-24,46,Olivia Rivera,Dallas,113,Bagel,pastry,1,2.75,2.75
1397-2,1397,2024-02-24,46,Olivia Rivera,Dallas,110,Matcha Latte,tea,1,4.95,4.95
1398-1,1398,2024-02-17,35,Ethan Johnson,Houston,102,Americano,coffee,1,3.25,3.25
1399-1,1399,2024-05-15,32,Logan Jones,Austin,107,Green Tea,tea,1,3.5,3.5
1400-1,1400,2024-01-30,38,Jacob Nguyen,Dallas,110,Matcha Latte,tea,1,4.95,4.95
1400-2,1400,2024-01-30,38,Jacob Nguyen,Dallas,111,Croissant,pastry,1,3.25,3.25
1401-1,1401,2024-06-06,20,Emily Patel,Dallas,106,Cold Brew,coffee,1,4.75,4.75
1401-2,1401,2024-06-06,20,Emily Patel,Dallas,105,Mocha,coffee,1,4.75,4.75
1402-1,1402,2024-06-29,24,Sofia Chen,San Antonio,110,Matcha Latte,tea,1,4.95,4.95
1403-1,1403,2024-04-20,25,Isabella Patel,Houston,112,Blueberry Muffin,pastry,2,3.0,6.0
1403-2,1403,2024-04-20,25,Isabella Patel,Houston,115,Chocolate Chip Cookie,pastry,3,2.5,7.5
